{
  "scene": 15,
  "character_position": [
    -4.99063,
    0.00199552625,
    -4.855159
  ],
  "character_rotation": [
    0.0,
    1.0,
    0.0,
    6.123233995736766e-17
  ],
  "camera_pitch": 0,
  "character_yaw_degrees": 180.0
}
