{
  "scene": "Town01",
  "initial_location": [
    95.82070922851562,
    293.73358154296875,
    1.0570337772369385
  ],
  "initial_rotation": [
    0.0,
    0.0,
    0.0
  ]
}
