{
  "scene": 0,
  "character_position": [
    0.115347147,
    0.00199541077,
    -3.75976872
  ],
  "character_rotation": [
    0.0,
    -0.25881904510252074,
    0.0,
    0.9659258262890683
  ],
  "camera_pitch": 0,
  "character_yaw_degrees": -30.0
}
