{
  "scene": 0,
  "character_position": [
    0.409532547,
    0.00199552625,
    -5.77438164
  ],
  "character_rotation": [
    0.0,
    -0.9659258262890683,
    0.0,
    0.25881904510252074
  ],
  "camera_pitch": 0,
  "character_yaw_degrees": -150.0
}
