{
  "scene": 6,
  "character_position": [
    -5.98728943,
    0.00199552625,
    -0.6557741
  ],
  "character_rotation": [
    0.0,
    -0.25881904510252074,
    0.0,
    0.9659258262890683
  ],
  "camera_pitch": 0,
  "character_yaw_degrees": -30.0
}
