{
  "scene": 1,
  "character_position": [
    -6.94551468,
    0.00199552625,
    1.54236889
  ],
  "character_rotation": [
    0.0,
    1.0,
    0.0,
    6.123233995736766e-17
  ],
  "camera_pitch": 0,
  "character_yaw_degrees": 180.0
}
