{
  "scene": "Town01",
  "initial_location": [
    313.7200012207031,
    326.6099853515625,
    0.0014374351594597101
  ],
  "initial_rotation": [
    0.0,
    -179.99996948242188,
    0.0
  ]
}
