{
  "scene": 0,
  "character_position": [
    -8.131757,
    0.001995612,
    -8.039733
  ],
  "character_rotation": [
    0.0,
    0.7071067811865475,
    0.0,
    0.7071067811865476
  ],
  "camera_pitch": 0,
  "character_yaw_degrees": 90.0
}
