{
  "scene": 6,
  "character_position": [
    -2.69076729,
    0.00199552625,
    -3.08744335
  ],
  "character_rotation": [
    0.0,
    0.0,
    0.0,
    1.0
  ],
  "camera_pitch": 60,
  "character_yaw_degrees": 0.0
}
