{
  "scene": 0,
  "character_position": [
    4.49297857,
    0.00199552625,
    -8.188503
  ],
  "character_rotation": [
    0.0,
    0.7071067811865475,
    0.0,
    0.7071067811865476
  ],
  "character_yaw_degrees": 90.0
}
