{
  "scene": 3,
  "character_position": [
    4.44078732,
    0.00199552625,
    -9.549733
  ],
  "character_rotation": [
    0.0,
    -0.7071067811865475,
    0.0,
    0.7071067811865476
  ],
  "camera_pitch": 0,
  "character_yaw_degrees": -90.0
}
