{
  "scene": 17,
  "character_position": [
    6.894,
    0.001995638,
    -7.17746067
  ],
  "character_rotation": [
    0.0,
    -0.49999999999999994,
    0.0,
    0.8660254037844387
  ],
  "camera_pitch": 0,
  "character_yaw_degrees": -60.0
}
